Night Takeoff Of The American Space Shuttle,https://media.istockphoto.com/photos/night-takeoff-of-the-american-space-shuttle-picture-id1164083375?k=20&m=1164083375&s=612x612&w=0&h=BiC67CfZKjMMh92ffQAvJhNTv5j_b6LMfwbTSxnM-eA=
Space station in Earth orbit.,https://media.istockphoto.com/photos/space-station-in-earth-orbit-picture-id182062885?k=20&m=182062885&s=612x612&w=0&h=Jw28yZRY8wusc80ttcELCUT9OEb6DtFIHmtO7OI3jmE=
Space Shuttle In The Rays Of Sun,https://media.istockphoto.com/photos/space-shuttle-in-the-rays-of-sun-picture-id1131418344?k=20&m=1131418344&s=612x612&w=0&h=yPyqDj2LYNbPNr8e69PQGm3LZZVTUWU0tjHzDsDl7YU=
Vector creative template with illustration of cosmonaut in...,https://media.istockphoto.com/vectors/vector-creative-template-with-illustration-of-cosmonaut-in-spacesuit-vector-id1212766123?k=20&m=1212766123&s=612x612&w=0&h=J7N_TxBztWQFSAsEFFu_UMUl9ZxicgEIVYr4YVJ1tyc=
Dark blue spaceship futuristic interior with window view on...,https://media.istockphoto.com/photos/dark-blue-spaceship-futuristic-interior-with-window-view-on-planet-picture-id1195199589?k=20&m=1195199589&s=612x612&w=0&h=FEU3m-5Yc6DVz20a-TF9RBz2cTbHtGFOTQtfKWylcpY=
Milky Way. Night sky and silhouette of a standing man,https://media.istockphoto.com/photos/milky-way-night-sky-and-silhouette-of-a-standing-man-picture-id1070687964?k=20&m=1070687964&s=612x612&w=0&h=ogjqh9u3Sknn0396qzZxdkYygBrqSumCbBmyyCal8tM=
Exoplanet in deep space,https://media.istockphoto.com/photos/exoplanet-in-deep-space-picture-id692243858?k=20&m=692243858&s=612x612&w=0&h=twq_kfEGhP7ZsWojFXrMtyCRIJyRKeR6GKsJkZu0JH0=
female astronaut with glass helmet,https://media.istockphoto.com/photos/female-astronaut-with-glass-helmet-picture-id1263154432?k=20&m=1263154432&s=612x612&w=0&h=EZS9HFbnT0AG74opVWtANjKbYa50NPnFU-2Rja3NBZw=
The astronaut,https://media.istockphoto.com/photos/the-astronaut-picture-id176882839?k=20&m=176882839&s=612x612&w=0&h=N-hU_TJkKFiQx-shhHSOAeAqtrPUTIuRKnM0h8lYZVM=
International Space Station (ISS) Orbiting Earth in Space -...,https://media.istockphoto.com/photos/international-space-station-orbiting-earth-in-space-spacex-nasa-iss-picture-id1248873601?k=20&m=1248873601&s=612x612&w=0&h=agwkFlUDA8uNw6DdDGCrJvqSuLqstk5SJVkAJ7OHF2Q=
Man sitting under The Milky Way Galaxy,https://media.istockphoto.com/photos/man-sitting-under-the-milky-way-galaxy-picture-id530185374?k=20&m=530185374&s=612x612&w=0&h=aQle4mfNBViairjVTukvqxWsEwHSONExMr-l32Hcdu8=
"Spiral galaxy, illustration of Milky Way",https://media.istockphoto.com/photos/spiral-galaxy-illustration-of-milky-way-picture-id481229372?k=20&m=481229372&s=612x612&w=0&h=r-vNa2_NRHAyaQJj6o2UlGTfa9Dju2M8NH1AIpk9oHQ=
Sunrise over Earth,https://media.istockphoto.com/photos/sunrise-over-earth-picture-id170922449?k=20&m=170922449&s=612x612&w=0&h=3whML4bjMRIb7_XclkZi83x1S9xoInud6URM-Jdyl58=
Etherial Image of the Heavens,https://media.istockphoto.com/photos/etherial-image-of-the-heavens-picture-id157424228?k=20&m=157424228&s=612x612&w=0&h=zL2j8BUtPUsYwWnZx86I-zioFuRWSodA1AAadjUVzEs=
Footprint of astronaut on the moon,https://media.istockphoto.com/photos/footprint-of-astronaut-on-the-moon-picture-id668990108?k=20&m=668990108&s=612x612&w=0&h=h-1h_E-TSV8Dn-9bQ9f6bLE969OYr_RMmKuc3Ov_7Ew=
Window view of space and planets from a space station 3D...,https://media.istockphoto.com/photos/window-view-of-space-and-planets-from-a-space-station-3d-rendering-picture-id1211216326?k=20&m=1211216326&s=612x612&w=0&h=fa8onCz3PWvQh5KHn1x2BraKeR5McD0ztHZIEwb0-8o=
"Light Beam, Blue Particle Background",https://media.istockphoto.com/photos/light-beam-blue-particle-background-picture-id926211910?k=20&m=926211910&s=612x612&w=0&h=GQOIwasPATfU-V0I30itkHZEDdPsTHG1yBQFJbWhiGk=
Space Blast Abstract Background,https://media.istockphoto.com/vectors/space-blast-abstract-background-vector-id1199286666?k=20&m=1199286666&s=612x612&w=0&h=hGzxPa-12QtK96uWH8kxBCyvgAuV_pnZiXdHd-Aub0M=
To Infinity and Beyond!,https://media.istockphoto.com/photos/to-infinity-and-beyond-picture-id108271547?k=20&m=108271547&s=612x612&w=0&h=o6Jq8aEjcxWFEgbcl_PdI5Kxw6hsk3CavhL6Fr7Sohc=
Vector cosmic illustration. Beautiful colorful space background....,https://media.istockphoto.com/vectors/vector-cosmic-illustration-beautiful-colorful-space-background-vector-id1203818959?k=20&m=1203818959&s=612x612&w=0&h=7b0s67UVqXc2D4R44j8C3pC5bJq-_qjnUAfs2f5bHgQ=
The  crater,https://media.istockphoto.com/photos/the-crater-picture-id178443098?k=20&m=178443098&s=612x612&w=0&h=Ps7Vb1E8k8b4SPExiE2v0nVyBhU-9TTKY-yLmYx5Z68=
Space landscape with scenic view on rocket rocket taking off...,https://media.istockphoto.com/vectors/space-landscape-with-scenic-view-on-rocket-rocket-taking-off-with-vector-id1170624844?k=20&m=1170624844&s=612x612&w=0&h=moeXBp_Hgqw5jzAgeBKduZSAYbnYIAtLuGWN59C9UZY=
Astronaut exploring Mars,https://media.istockphoto.com/photos/astronaut-exploring-mars-picture-id1193068843?k=20&m=1193068843&s=612x612&w=0&h=d_rk6SRzc6zhch7wsXiFauiiKcC4mkchKzXpr6J7WM8=
Astronaut On Space Walk Looks At Lights of Planet Earth,https://media.istockphoto.com/photos/astronaut-on-space-walk-looks-at-lights-of-planet-earth-picture-id1255359039?k=20&m=1255359039&s=612x612&w=0&h=dm-WEPEBV_y_S8roONF2B4fMAIqFKZzV1NtBQcsChPY=
"blue sunrise, view of earth from space",https://media.istockphoto.com/photos/blue-sunrise-view-of-earth-from-space-picture-id188090182?k=20&m=188090182&s=612x612&w=0&h=JewjTWJtkBKonVfUgvtu0OYMWbdGetiBy3O9OxqCmWU=
Astronaut Floating In Space,https://media.istockphoto.com/photos/astronaut-floating-in-space-picture-id499869399?k=20&m=499869399&s=612x612&w=0&h=NKrKgvJmubtnMTiIJWoyI0wGSb7wxW1nl3ujo7pEYv0=
earth blue shining - sunrise,https://media.istockphoto.com/photos/earth-blue-shining-sunrise-picture-id187868289?k=20&m=187868289&s=612x612&w=0&h=oX3QH_do0qDQmGBvbovWvx3OBBm37TUeesEUYteq9yA=
Portals to galactic wonder,https://media.istockphoto.com/photos/portals-to-galactic-wonder-picture-id502194045?k=20&m=502194045&s=612x612&w=0&h=4lzDd5tTh3FMzyDdQP01wjBKILYB0xDA5u1LVvFVFwU=
Casual man standing on space platform watching planet Earth,https://media.istockphoto.com/photos/casual-man-standing-on-space-platform-watching-planet-earth-picture-id1321598130?k=20&m=1321598130&s=612x612&w=0&h=1zzGSmByHUbzrx-x259g4nIeIX1tuMSSoLmkijQSK3k=
Space exploration and planetary colonization,https://media.istockphoto.com/photos/space-exploration-and-planetary-colonization-picture-id501940544?k=20&m=501940544&s=612x612&w=0&h=YXiNAtSZZiMv5Bo_b3Bet9A5O0w0qfLfjzbJJ3WbmMA=
Vector Retro Astronaut Couple on a Planet Illustration,https://media.istockphoto.com/vectors/vector-retro-astronaut-couple-on-a-planet-illustration-vector-id1180334708?k=20&m=1180334708&s=612x612&w=0&h=LC-egpYqrA0KT6AaPSe4qtCuv9KDe6FRJE7uZ-Br7mQ=
"Space landscape with scenic view on planet, rocket and stars...",https://media.istockphoto.com/vectors/space-landscape-with-scenic-view-on-planet-rocket-and-stars-made-with-vector-id1212094922?k=20&m=1212094922&s=612x612&w=0&h=BMHDmQ4Nb9KfgBOGMQJgxhB7VXQagIrOr7R10zYn6I8=
Astronaut On Mars Kneeling Looking At Space Rocket In Distance,https://media.istockphoto.com/photos/astronaut-on-mars-kneeling-looking-at-space-rocket-in-distance-picture-id1248892852?k=20&m=1248892852&s=612x612&w=0&h=xvGmaQr936oVD1W7k5IQ-pHhb8JxgUFDHAQkDxnyKIE=
"Mars Rover, robotic space autonomous vehicle on a deserted...",https://media.istockphoto.com/photos/mars-rover-robotic-space-autonomous-vehicle-on-a-deserted-planet-with-picture-id1006754478?k=20&m=1006754478&s=612x612&w=0&h=c1N1_VvGCpM9MnipErQHHDxx2TVhSNzphXePrCl5Tfo=
Spacecraft collection in flat design,https://media.istockphoto.com/vectors/spacecraft-collection-in-flat-design-vector-id1149100921?k=20&m=1149100921&s=612x612&w=0&h=1N9XMMySEEvC11dKt4E6dPXakGJwgdtZQf_9905KeLQ=
Retro Rocket Cartoon in Outer Space,https://media.istockphoto.com/vectors/retro-rocket-cartoon-in-outer-space-vector-id91354007?k=20&m=91354007&s=612x612&w=0&h=Am1ZUyVPjoG6lBNy49vkOOk68ZIywXD1PQNXZ3pj5P4=
Children's imagination,https://media.istockphoto.com/photos/childrens-imagination-picture-id503458062?k=20&m=503458062&s=612x612&w=0&h=t3uzMPMsrd41hld1ut06U_fDtwKEl8LLAwLBZwX_9Sg=
Sunrise over earth with moon,https://media.istockphoto.com/photos/sunrise-over-earth-with-moon-picture-id900435526?k=20&m=900435526&s=612x612&w=0&h=7-qnuC7um4KQ133GQsxRQDoYQYRBCwYAf8F8Qape-3I=
Astronaut Sitting On Moon Recording Sunrise On Earth With...,https://media.istockphoto.com/photos/astronaut-sitting-on-moon-recording-sunrise-on-earth-with-smartphone-picture-id1272794019?k=20&m=1272794019&s=612x612&w=0&h=IBBG3w4T3MduAi2JFpQFuj8ke2lQHnJHteD7r-uUtZ8=
Milky way rising over the Earth's horizon,https://media.istockphoto.com/photos/milky-way-rising-over-the-earths-horizon-picture-id1176001636?k=20&m=1176001636&s=612x612&w=0&h=XBAsKHjGdnkFMY0Iw7iiBjh3-5RWPAq8cLjPmknP3nY=
Spacecraft shuttle exploration,https://media.istockphoto.com/vectors/spacecraft-shuttle-exploration-vector-id864384572?k=20&m=864384572&s=612x612&w=0&h=jntNebf-Y39P1_M8VVpfnjqcZqku9sA2VR5aYFOmB2Q=
Spacesuit astronaut in spaceship looking at moon.,https://media.istockphoto.com/vectors/spacesuit-astronaut-in-spaceship-looking-at-moon-vector-id1056783382?k=20&m=1056783382&s=612x612&w=0&h=Qs1P3qgzGF-xoHPt_9HcM4xAh_Lwpib63ryT_mgqLiI=
Colorful Technology Abstract Light Tunnel Background,https://media.istockphoto.com/photos/colorful-technology-abstract-light-tunnel-background-picture-id1253226462?k=20&m=1253226462&s=612x612&w=0&h=9XF79v2ElqDkDpS0ZgL9MRaFQlOijvfDR3ogWt_id1w=
astronaut wonder,https://media.istockphoto.com/photos/astronaut-wonder-picture-id1042249560?k=20&m=1042249560&s=612x612&w=0&h=iG38gJjtx1AllS-szswCLgA7SryVfg8-5JqpIg4PPPE=
"Stars, space and night sky",https://media.istockphoto.com/vectors/stars-space-and-night-sky-vector-id1159238834?k=20&m=1159238834&s=612x612&w=0&h=9wQ-mqPFW1EUBuWdSFt5E0LTfVsOzAe1EKA7PrLGs84=
half moon surface and starry space,https://media.istockphoto.com/photos/half-moon-surface-and-starry-space-picture-id470456843?k=20&m=470456843&s=612x612&w=0&h=Dm8kZ6V4m4WisdjXRp4UZNJjItvuKSGr1_4sFtqsoWA=
Earth with stars,https://media.istockphoto.com/photos/earth-with-stars-picture-id155420162?k=20&m=155420162&s=612x612&w=0&h=rYqB7imB-iM6THCSdcV3kPxCz3O0n7C5NpXfqffi_Gs=
Colorful nebula in space background. Glowing planet in starlight. ,https://media.istockphoto.com/vectors/colorful-nebula-in-space-background-glowing-planet-in-starlight-vector-id913041638?k=20&m=913041638&s=612x612&w=0&h=AiosFtLTRHBmSTM1yLjax6wsnc8WevA8EKpocKW_Qk8=
Reach for the moon,https://media.istockphoto.com/photos/reach-for-the-moon-picture-id676055054?k=20&m=676055054&s=612x612&w=0&h=wf5Co031jq45_UkhbggbKNlpRoT6quEc0V0lIEyQZWY=
Solar system,https://media.istockphoto.com/photos/solar-system-picture-id482954331?k=20&m=482954331&s=612x612&w=0&h=8-GpwUiZuG07-64w0FXyKpyee18sviu2XXMLJd3_mZ8=
Space Shuttle Launch On Blue Background,https://media.istockphoto.com/photos/space-shuttle-launch-on-blue-background-picture-id876612206?k=20&m=876612206&s=612x612&w=0&h=wvM9tSNHStA5Psj854h9J2XIxCy3xAyCM_gGyDFydfI=
Galactic cloud astronaut,https://media.istockphoto.com/illustrations/galactic-cloud-astronaut-illustration-id689540802?k=20&m=689540802&s=612x612&w=0&h=ZhBfSBigKtqXumHb3tC_Ty9ZOC4HWYSqxv1PWxkwszc=
International Space Station (ISS) Orbit in Space over Amazon...,https://media.istockphoto.com/photos/international-space-station-orbit-in-space-over-amazon-river-spacex-picture-id1282561053?k=20&m=1282561053&s=612x612&w=0&h=THGSafV4ICOUkwzIV-oYV717UQDp6U4jTpPO4BWaaWs=
Space infographic,https://media.istockphoto.com/vectors/space-infographic-vector-id802071462?k=20&m=802071462&s=612x612&w=0&h=5CBpGwq0Nlr4Pw_WQ36-J4IjgHnyt9dEmHWPAMX4OKY=
Colorful Half tone pattern background with space and stars,https://media.istockphoto.com/vectors/colorful-half-tone-pattern-background-with-space-and-stars-vector-id802793624?k=20&m=802793624&s=612x612&w=0&h=zeqBot536bT5dwgFFpsV3cgsjVAPJSjdEkRcF7XQiCI=
Space landscape with scenic view on planet and stars made with...,https://media.istockphoto.com/vectors/space-landscape-with-scenic-view-on-planet-and-stars-made-with-retro-vector-id1140397286?k=20&m=1140397286&s=612x612&w=0&h=Z7uqNDcaKqyniWSHhj2cnhRkYQABBAGdh5_ZN_GotxY=
I offer you the stars,https://media.istockphoto.com/photos/offer-you-the-stars-picture-id1152464442?k=20&m=1152464442&s=612x612&w=0&h=uhyZHD28iZL19LSWS9hqZAJ8lLAfmGAAyv7eDDbDhHk=
Space mission vector illustration. Astronaut in outer space and...,https://media.istockphoto.com/vectors/space-mission-vector-illustration-astronaut-in-outer-space-and-waves-vector-id942602330?k=20&m=942602330&s=612x612&w=0&h=VS9l2X0cZW7_SBb2fiWeh99NOkZH81Zztey6l-Mwj38=
satellite dish under a starry sky,https://media.istockphoto.com/photos/satellite-dish-under-a-starry-sky-picture-id513060030?k=20&m=513060030&s=612x612&w=0&h=Hir-2S37Z-XE7cczSUAODgRwsz4hYw0xEDgcENEl0xE=
Spaceship black corridor with view on space and planet Earth 3D...,https://media.istockphoto.com/photos/spaceship-black-corridor-with-view-on-space-and-planet-earth-3d-of-picture-id1195202870?k=20&m=1195202870&s=612x612&w=0&h=kfJXBgK1LnhKk2jt8ND00PoazY4A44xC9-ljP9Cp4pc=
