Night Takeoff Of The American Space Shuttle,/photo/night-takeoff-of-the-american-space-shuttle-gm1164083375-319856635,"Night Takeoff Of The American Space Shuttle  space exploration stock pictures, royalty-free photos & images"
Space station in Earth orbit.,/photo/space-station-in-earth-orbit-gm182062885-20374243,"Space station in Earth orbit.  space exploration stock pictures, royalty-free photos & images"
Space Shuttle In The Rays Of Sun,/photo/space-shuttle-in-the-rays-of-sun-gm1131418344-299584174,"Space Shuttle In The Rays Of Sun  space exploration stock pictures, royalty-free photos & images"
Vector creative template with illustration of cosmonaut in...,/vector/vector-creative-template-with-illustration-of-cosmonaut-in-spacesuit-exploring-gm1212766123-352182687,Vector creative template with illustration of cosmonaut in spacesuit exploring outer space and spaceship. Astronaut making spacewalk on dark background near earth.  space exploration stock illustrations
Dark blue spaceship futuristic interior with window view on...,/photo/dark-blue-spaceship-futuristic-interior-with-window-view-on-planet-earth-3d-gm1195199589-340591334,"Dark blue spaceship futuristic interior with window view on planet Earth 3d rendering elements of this image furnished by NASA  space exploration stock pictures, royalty-free photos & images"
Milky Way. Night sky and silhouette of a standing man,/photo/milky-way-night-sky-and-silhouette-of-a-standing-man-gm1070687964-286492451,"Milky Way. Night sky and silhouette of a standing man  space exploration stock pictures, royalty-free photos & images"
Exoplanet in deep space,/photo/exoplanet-in-deep-space-gm692243858-127980311,"Exoplanet in deep space  space exploration stock pictures, royalty-free photos & images"
female astronaut with glass helmet,/photo/female-astronaut-with-glass-helmet-gm1263154432-369706680,"female astronaut with glass helmet  space exploration stock pictures, royalty-free photos & images"
The astronaut,/photo/the-astronaut-gm176882839-17978444,"The astronaut  space exploration stock pictures, royalty-free photos & images"
International Space Station (ISS) Orbiting Earth in Space -...,/photo/international-space-station-orbiting-earth-in-space-spacex-nasa-research-iss-gm1248873601-363847213,"International Space Station (ISS) Orbiting Earth in Space - SpaceX & NASA Research - ISS Satellite Sunset View Low Orbit - 3D Model by NASA - 3D Rendering  space exploration stock pictures, royalty-free photos & images"
Man sitting under The Milky Way Galaxy,/photo/man-sitting-under-the-milky-way-galaxy-gm530185374-93362085,"Man sitting under The Milky Way Galaxy  space exploration stock pictures, royalty-free photos & images"
"Spiral galaxy, illustration of Milky Way",/photo/spiral-galaxy-illustration-of-milky-way-gm481229372-69231339,"Spiral galaxy, illustration of Milky Way  space exploration stock pictures, royalty-free photos & images"
Sunrise over Earth,/photo/sunrise-over-earth-gm170922449-20919201,"Sunrise over Earth  space exploration stock pictures, royalty-free photos & images"
Etherial Image of the Heavens,/photo/etherial-image-of-the-heavens-gm157424228-8574407,"Etherial Image of the Heavens  space exploration stock pictures, royalty-free photos & images"
Footprint of astronaut on the moon,/photo/footprint-of-astronaut-on-the-moon-gm668990108-122221385,"Footprint of astronaut on the moon  space exploration stock pictures, royalty-free photos & images"
Window view of space and planets from a space station 3D...,/photo/window-view-of-space-and-planets-from-a-space-station-3d-rendering-gm1211216326-351157379,"Window view of space and planets from a space station 3D rendering  space exploration stock pictures, royalty-free photos & images"
"Light Beam, Blue Particle Background",/photo/light-beam-blue-particle-background-gm926211910-254148365,"Light Beam, Blue Particle Background  space exploration stock pictures, royalty-free photos & images"
Space Blast Abstract Background,/vector/space-blast-abstract-background-gm1199286666-343065236,Space Blast Abstract Background  space exploration stock illustrations
To Infinity and Beyond!,/photo/to-infinity-and-beyond-gm108271547-9906161,"To Infinity and Beyond!  space exploration stock pictures, royalty-free photos & images"
Vector cosmic illustration. Beautiful colorful space background....,/vector/vector-cosmic-illustration-beautiful-colorful-space-background-watercolor-cosmos-gm1203818959-346142608,Vector cosmic illustration. Beautiful colorful space background. Watercolor Cosmos  space exploration stock illustrations
The  crater,/photo/the-crater-gm178443098-24476484,"The  crater  space exploration stock pictures, royalty-free photos & images"
Space landscape with scenic view on rocket rocket taking off...,/vector/space-landscape-with-scenic-view-on-rocket-rocket-taking-off-with-fire-and-smoke-gm1170624844-323999550,Space landscape with scenic view on rocket rocket taking off with fire and smoke and stars made with retro styled dotwork  space exploration stock illustrations
Astronaut exploring Mars,/photo/astronaut-exploring-mars-gm1193068843-339213309,"Astronaut exploring Mars  space exploration stock pictures, royalty-free photos & images"
Astronaut On Space Walk Looks At Lights of Planet Earth,/photo/astronaut-on-space-walk-looks-at-lights-of-planet-earth-gm1255359039-367225263,"Astronaut On Space Walk Looks At Lights of Planet Earth  space exploration stock pictures, royalty-free photos & images"
"blue sunrise, view of earth from space",/photo/blue-sunrise-view-of-earth-from-space-gm188090182-29208780,"blue sunrise, view of earth from space  space exploration stock pictures, royalty-free photos & images"
Astronaut Floating In Space,/photo/astronaut-floating-in-space-gm499869399-43079182,"Astronaut Floating In Space  space exploration stock pictures, royalty-free photos & images"
earth blue shining - sunrise,/photo/earth-blue-shining-sunrise-gm187868289-29103638,"earth blue shining - sunrise  space exploration stock pictures, royalty-free photos & images"
Portals to galactic wonder,/photo/portals-to-galactic-wonder-gm502194045-43966762,"Portals to galactic wonder  space exploration stock pictures, royalty-free photos & images"
Casual man standing on space platform watching planet Earth,/photo/casual-man-standing-on-space-platform-watching-planet-earth-gm1321598130-407785270,"Casual man standing on space platform watching planet Earth  space exploration stock pictures, royalty-free photos & images"
Space exploration and planetary colonization,/photo/space-exploration-and-planetary-colonization-gm501940544-81628737,"Space exploration and planetary colonization  space exploration stock pictures, royalty-free photos & images"
Vector Retro Astronaut Couple on a Planet Illustration,/vector/vector-retro-astronaut-couple-on-a-planet-illustration-gm1180334708-330630905,Vector Retro Astronaut Couple on a Planet Illustration  space exploration stock illustrations
"Space landscape with scenic view on planet, rocket and stars...",/vector/space-landscape-with-scenic-view-on-planet-rocket-and-stars-made-with-retro-styled-gm1212094922-351758436,"Space landscape with scenic view on planet, rocket and stars made with retro styled dotwork  space exploration stock illustrations"
Astronaut On Mars Kneeling Looking At Space Rocket In Distance,/photo/astronaut-on-mars-kneeling-looking-at-space-rocket-in-distance-gm1248892852-363860724,"Astronaut On Mars Kneeling Looking At Space Rocket In Distance  space exploration stock pictures, royalty-free photos & images"
"Mars Rover, robotic space autonomous vehicle on a deserted...",/photo/mars-rover-robotic-space-autonomous-vehicle-on-a-deserted-planet-with-mountains-in-gm1006754478-271698394,"Mars Rover, robotic space autonomous vehicle on a deserted planet with mountains in background, 3D render  space exploration stock pictures, royalty-free photos & images"
Spacecraft collection in flat design,/vector/spacecraft-collection-in-flat-design-gm1149100921-310555248,Spacecraft collection in flat design  space exploration stock illustrations
Retro Rocket Cartoon in Outer Space,/vector/retro-rocket-cartoon-in-outer-space-gm91354007-8508307,Retro Rocket Cartoon in Outer Space  space exploration stock illustrations
Children's imagination,/photo/childrens-imagination-gm503458062-82533953,"Children's imagination  space exploration stock pictures, royalty-free photos & images"
Sunrise over earth with moon,/photo/sunrise-over-earth-with-moon-gm900435526-248436936,"Sunrise over earth with moon  space exploration stock pictures, royalty-free photos & images"
Astronaut Sitting On Moon Recording Sunrise On Earth With...,/photo/astronaut-sitting-on-moon-recording-sunrise-on-earth-with-smartphone-gm1272794019-374959181,"Astronaut Sitting On Moon Recording Sunrise On Earth With Smartphone  space exploration stock pictures, royalty-free photos & images"
Milky way rising over the Earth's horizon,/photo/milky-way-rising-over-the-earths-horizon-gm1176001636-327708904,"Milky way rising over the Earth's horizon  space exploration stock pictures, royalty-free photos & images"
Spacecraft shuttle exploration,/vector/spacecraft-shuttle-exploration-gm864384572-143565473,Spacecraft shuttle exploration  space exploration stock illustrations
Spacesuit astronaut in spaceship looking at moon.,/vector/spacesuit-astronaut-in-spaceship-looking-at-moon-gm1056783382-282424115,Spacesuit astronaut in spaceship looking at moon.  space exploration stock illustrations
Colorful Technology Abstract Light Tunnel Background,/photo/colorful-technology-abstract-light-tunnel-background-gm1253226462-365919377,"Colorful Technology Abstract Light Tunnel Background  space exploration stock pictures, royalty-free photos & images"
astronaut wonder,/photo/astronaut-wonder-gm1042249560-279035145,"astronaut wonder  space exploration stock pictures, royalty-free photos & images"
"Stars, space and night sky",/vector/stars-space-and-night-sky-gm1159238834-316920782,"Stars, space and night sky  space exploration stock illustrations"
half moon surface and starry space,/photo/half-moon-surface-and-starry-space-gm470456843-34726438,"half moon surface and starry space  space exploration stock pictures, royalty-free photos & images"
Earth with stars,/photo/earth-with-stars-gm155420162-20209126,"Earth with stars  space exploration stock pictures, royalty-free photos & images"
Colorful nebula in space background. Glowing planet in starlight. ,/vector/colorful-nebula-in-space-background-glowing-planet-in-starlight-cosmic-vector-gm913041638-251344622,Colorful nebula in space background. Glowing planet in starlight. Cosmic vector illustration.  space exploration stock illustrations
Reach for the moon,/photo/reach-for-the-moon-gm676055054-124061459,"Reach for the moon  space exploration stock pictures, royalty-free photos & images"
Solar system,/photo/solar-system-gm482954331-13391001,"Solar system  space exploration stock pictures, royalty-free photos & images"
Space Shuttle Launch On Blue Background,/photo/space-shuttle-launch-on-blue-background-gm876612206-244661506,"Space Shuttle Launch On Blue Background  space exploration stock pictures, royalty-free photos & images"
Galactic cloud astronaut,/vector/galactic-cloud-astronaut-gm689540802-126941899,Galactic cloud astronaut  space exploration stock illustrations
International Space Station (ISS) Orbit in Space over Amazon...,/photo/international-space-station-orbit-in-space-over-amazon-river-spacex-nasa-research-3d-gm1282561053-380258445,"International Space Station (ISS) Orbit in Space over Amazon River - SpaceX & NASA Research - 3D Rendering  space exploration stock pictures, royalty-free photos & images"
Space infographic,/vector/space-infographic-gm802071462-130150341,Space infographic  space exploration stock illustrations
Colorful Half tone pattern background with space and stars,/vector/colorful-half-tone-pattern-background-with-space-and-stars-gm802793624-130242499,Colorful Half tone pattern background with space and stars  space exploration stock illustrations
Space landscape with scenic view on planet and stars made with...,/vector/space-landscape-with-scenic-view-on-planet-and-stars-made-with-retro-dotwork-style-gm1140397286-305160992,Space landscape with scenic view on planet and stars made with retro dotwork style  space exploration stock illustrations
I offer you the stars,/photo/i-offer-you-the-stars-gm1152464442-312680198,"I offer you the stars  space exploration stock pictures, royalty-free photos & images"
Space mission vector illustration. Astronaut in outer space and...,/vector/space-mission-vector-illustration-astronaut-in-outer-space-and-waves-hand-space-gm942602330-257598075,Space mission vector illustration. Astronaut in outer space and waves hand. Space background with frame and place for text. Eps 10.  space exploration stock illustrations
satellite dish under a starry sky,/photo/satellite-dish-under-a-starry-sky-gm513060030-87437873,"satellite dish under a starry sky  space exploration stock pictures, royalty-free photos & images"
Spaceship black corridor with view on space and planet Earth 3D...,/photo/spaceship-black-corridor-with-view-on-space-and-planet-earth-3d-rendering-elements-gm1195202870-340591338,"Spaceship black corridor with view on space and planet Earth 3D rendering elements of this image furnished by NASA  space exploration stock pictures, royalty-free photos & images"
